{
    "МКД": {
        "A": 9.0,
        "B": 29.42578125,
        "C": 13.85546875,
        "D": 21.5703125,
        "E": 10.42578125,
        "F": 9.140625,
        "G": 10.5703125,
        "H": 12.42578125,
        "I": 6.42578125,
        "J": 22.7109375,
        "K": 7.5703125,
        "N": 9.0,
        "O": 7.7109375,
        "Q": 8.5703125,
        "S": 13.28515625,
        "T": 10.140625
    },
    "Организации": {
        "A": 13.0,
        "B": 7.0,
        "C": 31.140625,
        "D": 11.28515625,
        "E": 8.0,
        "F": 12.42578125,
        "G": 10.0,
        "H": 17.5703125,
        "I": 12.0,
        "J": 15.7109375,
        "K": 20.42578125,
        "L": 17.85546875,
        "M": 9.85546875,
        "N": 8.140625,
        "P": 31.140625,
        "R": 22.42578125,
        "S": 15.5703125,
        "V": 9.140625
    },
    "Помещения": {
        "A": 17.0,
        "B": 17.85546875,
        "C": 10.7109375,
        "D": 19.0,
        "E": 15.5703125,
        "F": 10.42578125,
        "G": 5.0,
        "H": 9.0,
        "I": 5.0,
        "J": 6.0,
        "K": 8.0,
        "L": 6.140625,
        "M": 21.5703125,
        "O": 13.5703125,
        "P": 10.7109375
    }
}